Model,RMSE,R2,Time
Linear Regression,13.608781618664818,0.9460237479152402,2.1166505813598633
Random Forest,13.703993182156447,0.9452658342172828,14.027224779129028
